nombre,materno,paterno,f_nac,CURP,num,calle,ciudad,CP
Marleah,Truder,Kydde,1950-12-17,jets991326attend51,645,Meadow Vale,Arcangel,11044
Pyotr,Mather,Merill,1999-11-17,pays584851tuba's73,160,Kropf,Paso de los Libres,75330
Aubree,MacPherson,Ducker,1987-04-23,tows372235guides05,519,Burrows,Linhu,92956
Gery,Philipart,Jeandel,1989-03-04,byte499544utters62,685,Leroy,Versailles,39141
Sonni,Utterson,Torrijos,1995-10-29,ox's303412bomber27,922,Superior,Wuyang,65170
Lyn,Ibbetson,Satchel,1986-03-02,zeta347780clucks13,632,Judy,Kiruna,55053
Maurice,Beedom,Chatband,1981-04-09,bake995637hooray36,75,Hollow Ridge,Sambong,99475
Miranda,Solan,Celloni,1996-07-19,open029820invert74,334,Anniversary,Na Thawi,58082
Isac,Gaskoin,Childers,1984-08-13,puck746341golfer45,330,Michigan,Sebu,19890
Latashia,Devers,Richarz,1990-03-07,goes948599sapped79,632,Fisk,Rosh Ha‘Ayin,85662
Krisha,Hovenden,Brunone,1994-09-01,bulb026706whip's25,205,Nancy,Tha Wang Pha,48577
Denny,de Mendoza,Baumber,1997-11-28,pate398890calmed29,576,Moland,Singida,16346
Barrett,Scrannage,Veschambre,1981-04-28,snob935362bronco33,755,Lyons,Aghada,70917
Annelise,Esome,Abbado,1996-10-25,hilt584918pine's41,626,Paget,Karangbaru,69279
Lyman,Francombe,Blunsum,1991-02-15,loam276901raping38,776,Arapahoe,Stupari,83824
Armin,Corringham,Hackett,1983-07-21,when217523hooter30,855,Roxbury,Berdyans’k,82210
Bowie,Diaper,Glayzer,1995-05-31,jeer770023regard85,917,Scott,Ban Mo,20968
Halley,Wolfer,Stollenbeck,1985-07-25,bust966109chests80,156,Hovde,Morshansk,89381
Sayers,Swatman,Cobbold,1991-12-31,gums478207pardon29,67,Alpine,Andalan,71654
Corine,Martugin,Lamberts,1985-05-03,snip543862plowed73,359,Macpherson,Khāsh,96573
Britt,Ondricek,Flowerdew,1985-01-04,fund878582pony's84,528,Kedzie,Sambopinggir,43647
Scarlet,Turner,Fortnum,1999-11-01,sops182039bait's51,147,Corben,Emmen,39229
Georgetta,Latliff,Oldham,1991-10-04,bear525016sorted17,641,Cascade,Uren’,77081
Laney,Paull,Cordel,1983-02-16,tomb956745crated49,715,Forest Dale,Ningdun,17119
Mead,Punshon,Mound,1995-09-20,lush189197cage's57,545,5th,Saint Petersburg,20449
Riki,Curnok,Grigoliis,1990-11-11,dabs441986cool's80,887,Novick,Parakanhonje Wetan,35719
Lane,Ovey,Gallichan,1984-04-14,bung321419desire45,210,8th,Manyava,70966
Carmella,Yegorovnin,Colafate,1982-05-18,kiss630654bronco81,944,Fulton,Szczytno,64905
Stanfield,McLarnon,Treswell,1987-12-05,zeal483051brazen99,458,Stang,Thị Trấn Sìn Hồ,15564
Rhiamon,Gason,Kennelly,1987-07-09,tell513216junior67,66,Katie,Batanghari,93399
Tore,Creswell,Giacopini,1998-12-03,high880978list's04,335,Cherokee,Oebatu,50965
Peri,Cadagan,Tanslie,1994-05-25,duty088849hooded38,461,Farragut,Zherdevka,76451
Nicolle,Spincks,Kinnock,1993-03-14,laid152761gonged39,899,Sauthoff,Baishi,47240
Chris,Filippello,Campaigne,1983-11-29,dove412356envoys83,200,Corben,Majennang,11463
Ulberto,Tampen,Karpf,1993-01-12,snug379494smarts21,418,Florence,Khudāydād Khēl,22132
Mollee,Tremble,Orchart,1993-03-01,rush739137voided19,804,Prairie Rose,Pulilan,33633
Lothario,Albon,Cubbinelli,1989-11-18,flog194223sole's39,872,Hermina,Tolotangga,19930
Dorrie,Owtram,Waplinton,1999-06-11,gate287614rebuff40,492,Quincy,Ocuviri,81850
Matilda,McGoon,Duignan,1991-12-30,ploy790234things12,141,Sundown,Wādī Raḩḩāl,74945
Pam,Prantoni,Lapsley,1998-07-28,flak028690true's05,489,Kim,Porsgrunn,30194
Waite,Forsdike,Perrinchief,1993-08-14,duty471745ravels27,509,Tomscot,Didi Lilo,16512
Ealasaid,Giordano,Hasselby,1986-01-09,gees918667prided22,372,Heath,Yuqian,94351
Norene,Bennell,Celli,1982-01-01,sobs978645rivals17,47,Hazelcrest,Tower,54121
Linette,Antalffy,Bainbridge,1996-01-24,sews059178likest52,964,Birchwood,Amashca,16467
Keene,Letford,Mulholland,1992-01-26,west679955wedder48,546,Rockefeller,Embi,34339
Stephine,Stanex,Tune,1994-01-30,dear116368lamp's78,750,Wayridge,Jiusi,20811
Doll,Aslie,Handaside,1983-05-12,sour016885vermin40,762,Nancy,Xuanzhou,59664
Shirl,Tolefree,Goulston,1991-05-10,wall142991strays95,898,Hayes,Piedra del Águila,30625
Arlyn,Risbrough,Marks,1995-05-08,tidy312790vacant92,958,Namekagon,Jarry,12343
Marleah,Golley,Cottingham,1998-10-30,plop935984affect11,542,Graedel,Kebonkaret,14734
Aldric,Figures,Eldredge,1989-08-03,waxy739406grades13,261,Bunting,Rennes,21605
Nomi,Nudd,Sexon,1993-07-24,pixy548860inlaid51,152,Hansons,Gaotan,21963
Paige,Twigley,Lober,1991-05-14,turn028278malt's52,432,Saint Paul,Longxian,98063
Brewster,Rozenzweig,Mulheron,1992-12-03,warm357663fifths06,342,Spaight,Pestovo,90937
Debby,Chaise,Fowler,1984-02-12,spat832574malady22,522,Pearson,Ornontowice,94966
Suzy,Cumbridge,McDirmid,1996-05-31,gate098290race's73,771,Loomis,Petaling Jaya,12313
Kalina,Spoole,Lanceley,1984-08-13,tomb186618trashy57,161,Gale,Muhos,74332
Vincent,Pethrick,Hargrove,2000-06-01,lied544420sodium26,974,Dennis,Baishi,23975
Ki,Santhouse,Tebald,1999-07-06,wees524678storks86,523,Walton,Yangfang,92061
Francyne,Salvidge,Tiffin,1983-12-02,woks906514minted17,583,Dovetail,Laiponda,67488
Curran,Tankard,Cacacie,1993-05-11,urge615256spaced37,371,Farwell,Longjiang,31917
Emmeline,Godthaab,Hankins,1991-07-01,bani079371iris's26,747,Lakewood Gardens,Laval,17726
Nancee,Stonbridge,De la Yglesias,1990-04-12,over957782ashing40,759,Spaight,Lindavista,67834
Cassie,Scalia,Titt,1994-05-31,shot828346lowest63,30,Northwestern,Volosovo,97906
Falkner,Bulcroft,Tretwell,1987-10-11,wont000995instil86,445,Northridge,El Carmen,32513
Tobey,Ost,Cornils,1989-10-09,help391409dopier22,228,Messerschmidt,Gangkou,46823
Berke,Premble,Balnaves,1995-02-06,inks079405skulls86,233,Summit,Ussuriysk,56426
Job,Riley,Realff,1994-05-30,haul748397choose08,161,Superior,Cibunar,77027
Michal,Margrem,Zannolli,1990-11-28,lyre376788vipers83,641,Pine View,Pirajuí,44472
Alain,McKeurtan,Cockitt,1994-01-11,meek338409pounds99,968,Fuller,Teroual,54163
Karia,Freed,Arnowicz,1986-09-26,nips735464feudal55,9,Lukken,Toutai,20677
Karin,Betser,Sherebrooke,1983-01-18,talk159357nuclei84,775,Welch,Tenggina Daya,52700
Malia,Porson,Arbuckle,1981-01-30,send656761voting51,409,Pleasure,Lamas,31394
Lorilee,Killelea,Ronaghan,2000-03-14,reis624741frying67,78,Haas,Sakaidechō,74594
Lodovico,Klemt,Ovitts,1998-08-24,dime065400denies55,748,Graedel,Alca,63206
Linda,Tromans,Danser,1998-07-06,aids154915midway02,35,Straubel,Batelov,40115
Philly,Sisnett,Dilger,1985-12-06,lots989067cancel20,42,Pierstorff,Keluke,56699
Christye,Pattie,Synke,1995-01-06,drab683354sway's16,787,Anniversary,Zhoutou,39759
Kerry,Middell,Fowley,1985-06-17,clad813522eave's61,600,Eliot,Kiełczów,97483
Henrie,Wickham,Crowdace,1999-08-05,skit049046toiled22,689,Namekagon,Umanggudang,97060
Merna,Pietruszka,Antonomolii,1995-03-09,Mr's246565prudes50,437,Dottie,Jucás,99504
Granthem,Circuitt,Barlie,1998-02-24,gift233472prayed24,867,Hazelcrest,Grimstad,87350
Julian,Turle,Stoffel,1987-11-04,vans088992hire's98,598,Vernon,Неготино,54376
Rosetta,Boulder,Stolberg,1999-09-14,trip086311budges69,465,Schiller,Kapenguria,28095
Aldo,Quarless,Wareham,1987-03-07,gong056835stakes47,775,Rieder,Orleans,58424
Darn,Innwood,Volker,1997-03-10,ream606832triter16,29,Crowley,Berëzovskiy,17795
Carroll,McCrory,Corringham,1986-04-26,lazy367350hurray99,667,Grover,Coronel Suárez,25321
Gerick,Youngs,Elvidge,1988-06-07,maul518347tackle35,529,Di Loreto,El Tablón,61703
Vincenz,Storrie,Bettington,1998-03-23,pats659606unpaid26,867,Golf Course,Chiantla,53015
Kaitlyn,Dessant,Siccombe,1990-03-03,rips617058phlegm32,126,Monica,Liverpool,48427
Evangelia,Guidoni,Kiddie,1982-06-23,thee894468fronts49,503,Dahle,Afanas’yeva,20320
Zebulen,Housbie,Sowman,1997-10-12,gyms621162juggle14,367,Badeau,Seremban,33490
Gabriel,Ropkes,Stockford,2000-01-22,glee826233bunked08,758,Springview,Vũng Tàu,92047
Pinchas,Read,Zanassi,1993-04-01,hone036963learns31,530,Wayridge,Wuma,45513
Dmitri,Bugby,Glanville,1989-12-23,eels031797sautés65,85,Crownhardt,Colima,54919
Kiri,Passingham,Steanson,1995-10-01,nosy744643dearer71,596,Pankratz,Gaoqiao,86995
Gilly,Baume,Tomala,2000-02-16,rugs586309bureau54,802,Bartelt,Shiren,35634
Harold,Doone,Antic,1986-10-04,taut042791pander64,525,Raven,Trzebinia,72168
Brodie,Gaymer,Eouzan,1998-09-02,apex015589jade's99,452,Prentice,Tegalgede,35910
Vinny,Trusse,Valentelli,1999-06-09,spun388831amulet40,141,Bayside,Takaka,61414
Herrick,Bastin,Satyford,1988-08-11,fish218265status91,736,Westridge,Kadubincarung,81059
Noland,Ambrosio,Aim,1985-03-07,keel654630cordon19,933,8th,Norsborg,91503
Mano,Sackett,Skey,1992-06-01,twin114484deli's50,243,Gateway,Surkhakhi,10490
Dudley,Matantsev,Ordish,1984-11-30,prim729963marine16,341,Cottonwood,Sergach,59071
Ailey,Hurkett,Fullwood,1989-01-12,line456019canned14,918,Becker,Godong,48960
Laughton,Latliff,Domniney,1992-06-12,okra353855stoles74,786,Sunbrook,Kandangan,66116
Holly,Pole,Krauze,1993-07-18,glib448652bursts72,486,Green Ridge,Morón,86738
Leanor,Cavolini,Colbran,1981-05-09,reef472250wart's51,644,Eliot,Singaparna,88020
Ceil,Gaunson,Sidwick,1985-10-29,gums966176picnic04,600,Loftsgordon,Shuangpengxi,53351
Lou,Archard,Clancy,1982-04-21,mama540192boat's13,596,Northview,Masty,47319
Andromache,Vyse,Heeron,1996-05-05,feds567934phoney21,161,High Crossing,Baohe,15124
Charyl,Prior,Deary,1986-09-16,glut718753what's53,958,Ilene,Mondokan,89551
Isidoro,Pickburn,Moncreiff,1996-10-27,mall002019mammas24,932,Elgar,Yiwa,53885
Cherry,Philips,Hirthe,1987-11-07,aide933623kink's20,482,Fuller,Guintubhan,74029
Mollie,Hiddy,Benoit,1983-09-13,gals570810poking94,515,Pennsylvania,Japerejo,43068
Junina,Showalter,Linacre,1992-05-20,cork140541rounds84,917,Hooker,Rasskazovo,83514
Merell,Davidescu,Benjamin,1982-10-08,drys632117mapper58,514,Esker,Jinping,37097
Karina,MacNulty,Wetherburn,1988-07-20,spit438677mashes70,827,Express,Pengilon,33903
Katha,Garnul,Sivier,2000-08-11,oaks756172tilted85,446,Merchant,Comilla,19918
Meris,Dalbey,Hamly,1990-03-05,keel169469wilier36,425,Raven,Gros Morne,13432
Kenn,Odam,Nethercott,1987-04-19,hide797066clouts31,609,Anhalt,Yoichi,90115
Candy,Slowley,Crocombe,1985-01-20,gene946952homage63,610,Thackeray,Sungaigerong,84885
Sid,Ronca,Grigoriev,1987-03-03,muff244046dude's54,494,Ronald Regan,Balahovit,71700
Cherise,Coupman,Hattiff,1991-11-30,pads843449bustle35,800,Forest,Karakabak,49660
Jaime,Gowers,Cescon,1995-11-16,rigs785287pink's23,798,Delaware,Staroutkinsk,69722
Yuma,Biaggelli,Burdytt,1980-12-14,salt771341drafty25,202,Manufacturers,Naka,72643
Tabatha,Maric,Khrishtafovich,1989-08-12,rash039043motels66,166,Straubel,Rislane,68248
Lek,Lawtie,Armall,1994-02-09,poem688027ameers28,707,Buell,Qozonketkan,61827
Oliviero,Twoohy,Haggis,1994-08-16,FM's386187hiring04,72,Hoepker,Dicamay,74109
Dolley,Sparrow,Shelsher,1986-11-24,bugs477256ballet62,412,Everett,Hamburg,98594
Vinson,Aldwich,Pimblott,1997-01-06,flea762539soared25,365,Swallow,Radomin,69077
Rolph,Stabler,Deekes,1991-12-13,head135553treaty93,150,Grim,Kedungsinggil,19462
Charleen,Brugden,Ales,1990-11-22,span648862harm's38,461,Charing Cross,El Bauga,47513
Diahann,Duckitt,Clifford,1984-02-19,mash560567bovine87,147,Namekagon,Bureya,29425
Riley,Rutledge,Chesley,2000-03-03,suck599705nodded49,974,Division,Dýšina,47911
Ailina,Imm,Tredger,1984-01-24,smut612575rebels07,546,Longview,Býšť,31044
Dedie,Townsley,Gowrie,1993-12-05,glum915576drunks53,263,Eastwood,Kikinda,21363
Ellen,Harbinson,Le Grove,1993-09-05,vast220973insane65,8,Bunker Hill,Saint Joseph,25478
Jo-ann,Bedder,Knobell,1983-05-01,prod189070mended68,384,Surrey,P’yŏngsŏng,53410
Gerti,Parlot,McQuillan,1985-10-23,byte137303lobbed29,655,Kingsford,Mbalmayo,79314
Chaunce,Bidgod,Flacknoe,1995-07-15,arks297297siesta60,158,Hermina,Nové Sedlo,91760
Goldia,Stibbs,Boyda,1987-04-17,buzz549512gooses04,653,Namekagon,Itararé,40611
Malchy,Yurlov,Cockarill,1992-02-02,lure509552advert32,534,Westend,Amfíkleia,37501
Amelita,Cowlishaw,Pate,1986-02-09,maze312820tosses93,78,Briar Crest,Khomutovo,20181
Banky,Friend,Prisk,1986-11-17,song441523craves05,985,Banding,Huangbei,15180
Arlana,Pryell,Tessington,1995-03-21,skis925410room's11,785,Oak,Raffingora,76710
Terrijo,Kunneke,Briscoe,1980-11-24,cure720723lumber91,918,Kipling,Novyye Gorki,86095
Sandy,Caughtry,Firby,1986-05-12,rape059422snider96,329,Mcbride,Shangzhuang,11645
Wang,Fransewich,Grogor,1982-09-25,nips324033parrot03,207,Marcy,Budva,15312
Demetrius,Commings,Eagleton,1985-12-14,mans478433many's12,274,Browning,Chelbasskaya,48613
Fulton,Melendez,Galego,1994-07-29,yeti410395sticky60,939,Dryden,Mirosławiec,44170
Annalee,Sweating,Chater,1990-11-11,nits721890broths95,990,Mosinee,Suruhwadang,87093
Cobby,Braunfeld,Axup,1992-09-26,errs496734year's40,655,Luster,Boucherville,60172
Franklin,Mephan,Hannum,1998-02-17,dusk487739evener63,405,Kipling,Pilpichaca,91065
Jennifer,Probet,Dover,1991-07-29,pump266771jack's57,671,Farwell,Olival,50054
Donna,Puig,Knowles,1999-07-02,muse415350anorak40,227,Crownhardt,Mont-Saint-Hilaire,92941
Lammond,Epgrave,Lenormand,1987-05-11,thus989547staged08,71,Summer Ridge,Butuan,42754
Kimble,Hindshaw,Acheson,1980-11-07,spur341740museum78,278,Brown,Terjan,75206
Ruperta,Hannan,Bathow,1987-09-22,ball110368glided03,149,Warner,Nihaona,53708
Aimee,Bearfoot,Sutty,1986-04-21,hewn370636hiss's57,706,Chive,Guanchi,33552
Arnaldo,Peacock,Spellar,1993-02-08,fate259446lathes95,619,Florence,Sonzacate,34513
Evaleen,Philpot,ffrench Beytagh,1989-05-17,swum614066douses38,159,Waywood,Limoeiro do Ajuru,95742
Zebadiah,Zielinski,Siemandl,1987-05-03,hags031953physic04,596,Cody,Kwidzyn,19424
Kassie,Shawyers,Tschiersch,1995-09-26,shed520636choosy02,364,5th,Albuera,71825
Sabina,Hubatsch,Othick,1994-04-18,wind301196eyelid10,980,Green,Shangping,66747
Pattin,Chadbourne,O'Cannovane,1993-07-07,hire543542faiths39,749,Carpenter,Matam,43969
Delmore,Courtliff,Scemp,1994-01-21,obey312901bake's06,134,Transport,Banjar Laing,67973
Darin,Tedorenko,Dolley,1994-10-03,cued283918cursor93,798,Spaight,Waiholo,33637
Florry,Van den Bosch,Dingley,1994-10-12,rape912874wood's81,494,Veith,Gading,22622
Jaquenetta,MacAllan,Felmingham,2000-04-21,hoot720441rasher21,430,Pearson,Darłowo,69165
Evonne,Pittem,Phillipps,1992-09-28,nest634478fronts30,46,Northfield,Allentown,57768
Janis,Lukianov,Lindeboom,1994-05-13,diet282728random28,18,Brentwood,Oslo,69316
Catherin,Ashborn,Canfield,1981-07-10,idol434985coupon33,489,Delladonna,Shāzand,16808
Tonye,Bodker,Astman,1996-07-28,veil422865sexing71,699,Troy,Strasbourg,47086
Ranna,Eam,Greenroa,2000-09-13,tick777193shunts31,416,Reindahl,Lolayan,66050
Oralle,Rosetti,Chaffen,1985-03-25,tugs689752self's75,955,Grim,Hostomice,11468
Lynda,Chiddy,Yarnold,1996-08-13,mood204217pepper47,462,Burning Wood,Vila Franca,29066
Kristien,Trevarthen,Courtonne,1998-08-29,vats415682proven53,617,Sycamore,Xinqiao,56486
Rickard,Tantrum,Beagles,1982-05-01,firm650824leeway75,794,Bellgrove,Majāz al Bāb,52485
Tab,Kerfut,Billiard,1987-07-06,lute495979errors40,904,Logan,Mora,11726
Denys,Soall,Gethins,1981-06-22,gays297515myriad65,377,Doe Crossing,Lamalewar,28306
Bettye,Starkings,Peffer,1987-10-14,deli112471comedy05,186,Judy,Caibiran,56485
Brandise,Laffling,Eayres,1994-02-27,spit093511canary15,483,Muir,Saumur,30946
Baxie,Varndall,Skully,1993-06-08,plum901183rummer05,836,Buena Vista,Montgomery,76129
Artemus,Alejandre,Coney,1991-05-09,woof999017genius28,153,Roxbury,Loimaan Kunta,32965
Franciskus,Manby,Grombridge,1993-10-24,cane921996rumors61,403,Scott,Chilliwack,45845
Frederich,Firminger,Gladhill,1990-05-09,bake224671necked45,323,Marcy,Jilin,84822
Ogdan,Tallman,Fawdrie,1985-07-22,lord259050jute's85,105,Pawling,Pulau Pinang,18214
Beau,Alcoran,Manvell,1987-03-16,made181686eddied90,902,Coolidge,Thomazeau,39782
Viviyan,Burgyn,Tripney,1983-08-13,yens732027expels70,937,Mccormick,Yancheng,37882
Trescha,Spurdens,Ludlam,1981-06-01,sewn895805unrest50,371,Thierer,Ribeira Seca,90047
Dorothea,Burrass,Durrand,1997-01-09,zeal403052gadget91,274,Veith,Sawoi,25754
Fawnia,Pyburn,Dacks,1998-01-18,ID's247977nudged37,304,Upham,Prochowice,45755
Joyan,Koeppe,Weiser,1985-12-14,skid599497zebras96,216,Leroy,Maanĭt,42533
Eduardo,Bachura,Blonfield,1986-07-26,whew996633tattoo92,231,Marquette,Balzan,48789
Donalt,Keay,Spinetti,1984-01-06,grin797884lather22,893,Kingsford,Beizhang,84286
Letta,Rawles,Cornhill,1981-04-09,reek192681feeble34,325,Jay,Ymittos,71053
Effie,Nussen,Klamp,1998-07-26,colt818062posy's43,726,Sunnyside,Chacarita,93484
Emlynn,Van Dijk,Leggis,1988-03-25,helm950108fume's87,580,Delaware,Niort,98109
Ron,Yoskowitz,Okker,1985-02-05,nape061578civics47,696,Carpenter,Krivyanskaya,98179
Karrah,Halworth,Eam,1991-04-09,rues826442widens40,236,Alpine,Regente Feijó,61932
Kamillah,McIlhagga,Walkowski,1990-03-16,pate875828ameers09,146,Northwestern,Lewoluo,37999
Elane,Luter,Brewood,1995-02-26,keel982827orient26,93,Eggendart,Zaoxi,79535
Britta,Glover,Thal,1982-11-23,tube225463goatee47,237,Oakridge,Zhangdiyingzi,80683
Roana,McAllester,Sherington,1996-08-07,cubs106848pocket59,146,Fuller,Rîşcani,46441
Dixie,Braban,Sloper,1989-01-01,tuft776686gamest87,681,Daystar,Namayingo,95780
Austin,Scrinage,Spon,1983-09-24,vied818082spites43,989,Amoth,Caitang,71219
Myrtia,Cammiemile,Legges,1982-07-06,less173080jumper49,316,Muir,Cibunut,94890
Alastair,Seakings,Slorach,2000-01-19,kelp689882ball's19,183,Twin Pines,Yangiyŭl,93222
Garwin,Dottrell,Grierson,2000-10-08,hint529035refuel18,951,Gale,Dębno,74719
Reginald,Tsar,Abbey,1994-08-06,news696918life's32,931,Esker,Zuya,62682
Scotty,Keattch,Siggers,1990-01-20,awry191550sweats07,391,Hansons,Humble,90501
Ashby,Tantrum,Hallowes,1995-12-05,teak548414sheave05,424,Stuart,Boluo,19212
Jesse,Lyes,Cristofol,1999-07-20,idle904003spoken51,530,Lillian,Ekibastuz,74221
Brooke,Hancorn,Hardingham,1985-01-08,rows009576staved18,131,Sycamore,Pedreira,27936
Serena,Vayro,Ketch,1999-01-07,fall974688pining73,41,Hollow Ridge,Karangbadar Kidul,73781
Andrus,Balding,MacAlpyne,1992-03-21,tubs545576grub's87,145,Oxford,Višňové,86961
Roscoe,Balazs,Challener,1998-01-02,reis014850smooth38,669,Green Ridge,Jingmen,70678
Errick,Thomsen,Roose,1983-03-19,darn499820sketch18,438,Dwight,Dongshangguan,14382
Loria,Stubbington,Paniman,1981-07-18,duel184666pout's65,276,Corry,Hushi,28561
Reynolds,O'Hingerty,Cottesford,1985-04-23,saki029924cleats31,854,Kennedy,Thị Trấn Bắc Hà,66787
Jack,Muccino,Bazley,1999-12-09,plow980277huddle42,810,Comanche,Taibai,72062
Juliana,Kleinschmidt,Strange,1991-01-21,ease835765maxima40,338,Annamark,Ankola,41144
Noni,Bullivent,Packe,1985-11-01,math756419stated97,497,Heath,Sorokino,77407
Harwilll,Coronado,Davenhill,1995-03-20,else063229pauses90,579,Maple,Sendung,98338
Jessalin,Linfitt,Tubbles,1993-11-23,drug712715loiter67,133,Spohn,Đạ Tẻh,55468
Christye,Merritt,Pearcey,1985-01-08,redo787248snouts16,280,Kennedy,La Rioja,99939
Colly,Davidde,Bolam,1987-06-12,dash131753replay29,363,Havey,Cirompang,55141
Cosette,Tallman,Broadbere,2000-05-18,bell466328frills93,572,Crest Line,Chatan,41097
Sandye,Gocke,Leftwich,1999-10-21,zeal764841inject20,726,Fuller,Whakatane,16554
Piggy,Biasioli,Hardiker,1992-11-22,rope071262ceding62,61,Sycamore,Dalu,99928
Myranda,Stansbie,Grinyer,1996-05-02,lean247466gloved95,998,Morningstar,Nantes,55767
Corby,Brazel,Spincke,1981-01-15,east180108tang's57,988,New Castle,Shumikha,69593
Benita,Joannidi,Atwill,1997-05-26,ties236847copy's50,707,Vera,Eci,94237
Tristam,Chess,Borrel,1996-05-30,bold978337blamed20,88,Arkansas,Orangeville,10233
Andrey,Froud,Blei,1994-10-17,deep146708foetal59,972,Sunbrook,Liangshan,64209
Victoir,Carragher,Ferreira,1985-03-01,used619800mutate95,984,Oxford,Saint-Maixent-l'École,57727
Laughton,Pottell,Mc-Kerley,1983-11-01,hags875425nought35,613,American,Hekou,98346
Rhianna,Pietzke,Iacobo,1990-01-26,laid265856midway16,808,Dunning,Hugang,40261
Araldo,Andrassy,MacCall,1982-07-09,whet071631attend71,57,Redwing,Jintan,99900
Philippine,Ros,Schulze,1992-11-16,tipi922146defame56,220,Armistice,Dū Qal‘ah,40360
Anthiathia,Pellett,Redolfi,1997-12-21,alto378913import84,686,Dawn,Xiangfeng,93252
Willie,Aronstein,Dumbarton,1982-02-16,rats617893stinks07,24,Crownhardt,Gasri,30516
Harlin,Goering,Pentercost,1987-07-23,knit843403edicts06,231,Jenifer,Kurye,56504
Levon,Moggle,Bedward,1993-01-02,late489145dancer42,347,Dahle,Santa Cruz,59852
Gregorio,Kloser,Blandamere,1993-12-28,four488772pended35,844,Everett,Pasirlimus,62549
Ranice,Handforth,Cottesford,1996-08-19,mutt764123gunman82,934,Lerdahl,Tanggeung Kolot,31707
Hildegaard,Sheehan,Bramwell,1997-06-10,poet323093atones86,140,Lyons,Yên Bái,57862
Lexie,Lowson,Mault,1991-05-13,swat460223star's45,206,Muir,Farap,65855
Ave,MacKissack,Rosenauer,1991-08-07,kiwi951873umpire72,69,Shelley,Lipno,23589
Bartie,Rodmell,Yerson,1992-07-13,slow097486laud's19,694,Bartelt,Jelsa,14191
Ab,Atherton,Millichip,1983-01-27,bray730758bowler03,570,Towne,Jastrzębia Góra,88446
Leonelle,Gettings,Saint,1981-05-07,deaf773629rift's09,17,Summer Ridge,Saint Croix,97176
Robinet,Duffy,Ibanez,1990-05-07,hewn278596thaw's64,406,Kropf,Villa Francisca,70274
Jodie,Kovelmann,Yvens,1986-12-08,belt426893poorly92,755,Dakota,Palmares,79494
Aveline,Bathow,Maciunas,1989-11-24,prim857119repair37,8,Clove,Algés,17020
Dita,Alessandrini,Harman,1997-09-01,vine118150punk's23,565,La Follette,Conception Bay South,22462
Cinnamon,Leetham,Merrgen,1982-04-16,polo546437stuffy94,563,Reinke,Boncis,11012
Pepillo,Eshelby,McDavitt,1995-07-29,lips798825karats51,535,Cherokee,Anyar,11701
Jeniffer,Piddick,Farbrace,1999-07-12,nude202003rhinos72,212,Moulton,Miaoqian,62015
Rubi,Soigoux,Ashford,1999-07-07,balm299994croaks09,543,Carioca,Nova Odessa,47719
Georg,Mynott,Darke,1990-07-20,nick991159pecked85,919,North,Banī Ḩassān,39521
Cecil,Puncher,Diggin,1991-01-10,rule099337barter02,154,Sommers,Sapareva Banya,15153
Davida,Stote,Pitway,1998-08-26,prim671856exceed38,763,Superior,Xagqu,52777
Cathryn,Clemence,Millard,1992-11-20,gust581195nation25,684,Starling,Núi Sập,31268
Thorstein,Gyurkovics,Bunker,1989-05-22,cots748252celery80,690,Sullivan,Bolobo,71784
Burg,Mooring,Talton,1986-10-31,glen737885goners63,641,Bluejay,Hezuoqiao,35670
Eugen,Kaplin,Garmston,1994-07-25,writ874884lapped39,383,Chive,Cambebba,89454
Baillie,Jilkes,McLevie,1994-11-07,barn781363tartan39,637,Nelson,Koski Tl,59186
Lothaire,Franciskiewicz,Marthen,1990-08-25,sale329197gamble89,404,Lake View,Magugu,35778
Mack,Beckwith,Brunroth,1991-01-20,SW's661835raider36,166,Tomscot,Mossel Bay,61229
Charlotte,Lorriman,Pawlata,1985-08-22,gigs472332haggle32,789,Maywood,Shuicha,46181
Rutherford,Rawlins,Dilnot,1991-01-15,punt998997slogan00,278,Muir,Maddarulug Norte,70872
Wes,Sibbet,Dries,1994-06-10,bill653889intend64,815,Eagle Crest,Västerås,20224
Clemente,Cuchey,Van Hove,1983-06-25,coke962610shyest89,36,Mendota,Guanabacoa,81892
Simeon,Kanter,Muller,1987-09-27,lobe006400lapels94,471,Mosinee,Giemdiem,98730
Kelci,Klimushev,Birtley,1984-08-05,go's917472wake's87,477,Fordem,Wichita,10658
Alysa,Warnes,Kittel,1990-09-15,gets535937impale03,65,Wayridge,Los Angeles,78430
Paige,Dalby,Burgis,1998-12-23,tint447723loom's52,22,Amoth,Huangshapu,33255
Gerry,Lyness,Pheby,1991-07-12,sofa734152fading84,605,Forster,Itatuba,57477
Kennan,Yea,Ipwell,2000-10-15,seer187003rein's38,898,Farmco,Loures,13809
Janos,Kyrkeman,Ambroix,1996-03-20,bide343008grands09,943,Autumn Leaf,Nashville,75236
Gloria,Gittose,Ventham,1994-06-27,that597875come's97,771,Esch,Napoli,28142
Amitie,Stodart,Doidge,1986-01-15,seek120260many's61,910,Redwing,Poniatowa,92193
Roma,Dincke,McConnachie,1992-04-19,woes112990muffle06,770,Carey,Hanfeng,52241
Pippo,Clampton,Faircliffe,1998-06-06,jury727003tombed57,445,Kim,Åkersberga,29785
Kellsie,Rimes,Sanger,1996-10-27,roam753039source82,199,Roth,Paty do Alferes,94585
Phillipp,Stephens,Gorringe,1998-03-10,iced885723fury's13,343,Mayer,Dandai,70145
Fritz,Heinle,Heap,1998-03-25,meow321745stag's35,350,Tomscot,Tours,78482
Emylee,Cosgrive,O'Hengerty,1998-08-03,miss928663hang's58,122,Warrior,Hexi,63303
Hillie,Garrit,Crighton,1986-07-20,beer552992dime's16,158,Loeprich,Kampong Speu,44569
Kyrstin,Waldocke,Tutin,1991-11-15,hilt005005gurgle49,595,Montana,Tierp,20218
Dominique,Giberd,Courtois,1998-05-18,duel198824mumble65,466,South,Žrnovo,46790
Cass,McGrady,Janowicz,1993-10-10,rods073514warp's20,197,Vera,Concepción,91233
Normand,Paynes,Blinerman,1986-09-02,anal004922turgid69,191,Kinsman,Jindou,65095
Rebecca,Godly,Zanioletti,1997-09-13,claw441964cycles95,700,Hauk,Bezerros,10863
Kissiah,O'Kinedy,Gateshill,1989-07-19,sera900585spouts62,874,Stuart,Vangaindrano,98463
Vinnie,Dressel,Sinnott,1989-10-24,deny858712ring's27,59,Harbort,Zalesnoye,92370
Biddy,Richings,Sebley,1993-10-18,roll533792rehash07,807,Nancy,Bissorã,14540
Raymond,Dudmarsh,Matteris,1981-12-24,rare929655remiss12,587,Del Mar,Río Sereno,44332
Curtice,Caskey,Trahear,1995-07-12,weed729334madmen63,90,Dovetail,Chambar,39286
Aleda,Coskerry,Lamberts,1994-08-12,dope816409mosque66,168,Leroy,Guéret,83678
Livvyy,Parkes,Castaignet,1996-10-10,snot599510vilest74,440,Reinke,Sanhe,48880
Pat,Sholl,Scinelli,1991-11-18,lane608531gifted98,248,Anderson,Phúc Thọ,48002
Katie,Chicken,Di Biagi,1999-01-10,herb042710aching30,730,Kings,Santo Domingo Oeste,30097
Kaylee,Clampett,Galpen,1981-02-14,seep630533buffet09,336,Graceland,Houzhai,44162
Sheilakathryn,Osgarby,Oakley,1990-03-11,draw898882headed52,241,John Wall,Malāyer,45049
Hamish,Jovis,Kellough,1987-02-25,told370897attics97,540,Annamark,Dashi,22447
Lenee,Do Rosario,Showalter,1991-02-03,host828904midday86,515,Mesta,Valencia,69314
Codi,Steagall,McCourtie,1985-11-19,ward088667bigger74,361,Delladonna,Bojong,58253
Mohandis,Tranmer,Scrane,1989-08-08,pace401539allude67,555,Hoepker,Tōno,10288
Sharai,Abbott,Chaize,1991-08-13,swap106964greyer25,787,Anthes,Gosë e Madhe,71259
Merrily,Benedict,McKeand,1992-10-11,kelp515875tiffed10,547,Schurz,Morales,35692
Saw,Beecroft,Pettigree,1991-05-19,sobs546831layers59,958,Buhler,Monte-Carlo,35610
Masha,Ledgister,Francescone,1983-08-12,easy422113livens42,315,Di Loreto,Xikou,65757
Veronika,Courage,Goodrum,1988-01-15,swap858510goon's51,628,Hoffman,London,14416
Kenon,Browning,Noto,1987-07-02,vain615571saunas18,159,Hudson,Värnamo,26216
Kenna,Erskin,Ioan,1983-02-10,elms863833allies98,381,Westerfield,Luofang,33525
Reynold,Rippingale,Mattin,1996-03-17,Jews385289prayed44,165,Quincy,Bakau,53074
Nollie,Tixier,Gillow,1981-11-23,muse521508sexist92,729,Pawling,Sanzhang,50337
Rodd,Lightbourne,Ailmer,1984-06-05,wage077459drones21,103,Vahlen,Jajar,82280
Sollie,McMeeking,Le Grand,2000-03-03,trap547297manage94,217,Linden,Melres,60678
Coop,Mallia,MacFayden,1997-07-27,slay815341ejects92,371,Moose,Dowsk,44061
Abrahan,Franckton,Harteley,2000-06-01,soli002665tipi's62,181,Corry,Hūn,86756
Alejandro,Hand,Wild,1984-03-29,walk844242pealed54,541,Bluestem,Ntaur Satu,77180
Rozalin,McVeigh,Prescote,1998-10-25,soul459583dilute31,188,Maple,Plakhtiyivka,47200
Courtney,Semkins,Ecclestone,1992-09-09,hove678791frosts82,420,Corscot,Foso,48894
Carmina,Simla,Hedgeman,1997-03-15,soon813808bunked48,754,Northwestern,Hejia,66402
Rosamond,Needs,Stelfax,1996-04-01,torn530827ladled22,865,Almo,Sarrazola,28975
Niki,Ishchenko,Palay,1995-08-03,shoo409180primed08,256,Farwell,Arboleda,55765
Angele,McLinden,Roffe,1999-03-18,jerk342422onuses47,581,Oneill,Suisan,62604
Candis,Saltwell,Paffot,1999-08-08,sock119426mast's39,185,Loeprich,Longkou,55488
Abbey,Toll,Tichelaar,1991-06-17,smug751804peak's42,126,Rigney,Arneiro,90216
Kippie,Prosch,Donaldson,1991-03-19,lick730157potted09,806,Spaight,Alung,32197
Fergus,Click,Dunlop,1992-10-07,mink957535goof's95,945,Amoth,Bourg-en-Bresse,43138
Ania,Faircley,Bourdice,1985-12-11,fire126919ghouls99,973,Di Loreto,Shibi,31909
Max,Baudone,Koubu,1983-02-27,gory724582peered35,1000,Dakota,Energeticheskiy,62852
Glenine,Coppledike,Yakebovich,1995-07-26,chug284656meting75,412,Lotheville,Paris 08,44190
Sonnnie,Lawrenson,Reimer,1991-12-03,loan482943lack's74,622,Reindahl,São Luís,29970
Billy,Elldred,Pease,1983-03-18,gull732656merger25,1000,Springs,Maringá,92848
Pryce,Howland,Trill,1985-10-07,caws249886kelp's36,642,Lighthouse Bay,Bakung,60584
Ivie,Cullotey,Paintain,1981-12-10,runt493055joyous90,632,Huxley,Rio das Pedras,49870
Alie,Cicullo,Glowacz,1983-08-16,pert327467jaguar79,255,Lien,Olavarría,61197
Coletta,Lount,Letchmore,1986-07-23,hash815565exacts30,897,Rieder,Trai Ngau,60413
Henriette,Mattussevich,Facer,1990-09-16,foes752371misted18,143,Hoffman,Lindian,63228
Guss,Bore,Warratt,1989-12-03,jack789778toeing49,558,Fremont,San José de Ocoa,15485
Shaine,Willment,Towne,1986-11-04,trap724250feuded11,415,Mcguire,Lammi,73886
Lazar,Reveley,Emanuel,1981-12-05,bony673765snag's97,548,Beilfuss,Tuburan,41056
Phineas,Blackster,Moriarty,1999-04-10,oral847495tiding26,893,Brown,Mengzhai,25879
Verine,Bucknell,Greatrex,1989-01-31,heal551114biking50,518,Lillian,Dmitriyevskoye,75736
Moore,Dablin,Hullyer,1997-09-14,last913853shower68,907,Hauk,Dabancheng,31509
Mirella,Lanigan,Ruger,1986-08-07,your161767pantie45,847,Summit,Waihi,15014
Gregg,Perrat,Hoogendorp,1988-08-19,gold929681stalls00,108,Oxford,N’dalatando,59670
Ermentrude,Kleinmintz,Shildrick,1987-09-22,tire756356tweaks64,212,Park Meadow,Roissy Charles-de-Gaulle,25459
Adaline,Flanner,Shardlow,1990-03-21,pear579126escape78,893,Spenser,David,54367
Arlan,Dullingham,Mackriell,1996-06-04,loll891607crowed71,381,Arapahoe,Manadas,32140
Krissie,Wolters,Blazek,1993-04-25,huff054700leered83,453,Farmco,Lanos,75778
Freida,Aitkin,Cobon,1996-05-29,jabs187400morbid16,917,Melody,Beja,50588
Hashim,Crighten,Marmon,1984-06-13,cagy325152mantel98,250,Hudson,Naghalin,87156
Garnette,Laviste,Stainfield,1994-03-12,toll303426return70,258,Northfield,Celje,28188
Bryana,Labram,Jellings,1998-07-08,moms111108redder18,74,Valley Edge,Novhorodka,80546
Hale,Mignot,Beeres,1993-02-15,yawn274565groove71,898,Roth,Žemaičių Naumiestis,49791
Blinnie,Stuehmeyer,Staves,1985-05-26,slot677110wintry73,457,Donald,Baoshan,29538
Axel,Keywood,Aldin,1998-02-21,idle715053bolted43,791,Dennis,Machico,60902
Flor,Larvent,Karpets,1992-05-05,tilt212016wail's52,118,Lotheville,Bento Gonçalves,82923
Dev,Armin,Gentry,1984-05-21,fogs200781debugs46,51,Burning Wood,Ranambeling,68852
Stefanie,Milstead,Vain,1988-08-01,used029108aplomb13,438,Hollow Ridge,Mandala,44490
Brig,Lishman,Webborn,1983-08-02,cots610289cuddly21,511,Mallard,Sa‘sa‘,79889
Tallie,Tolliday,Brayson,1984-11-21,blow324494seated65,878,Blackbird,Qozonketkan,40592
Elana,Carles,Perkinson,1999-01-11,mate360826killed24,647,Spenser,Belyy Gorodok,45047
Ikey,Blewitt,McGlaughn,1993-10-10,lads281000driver03,737,Blackbird,Strašice,87110
Ber,Carverhill,Nehl,1999-10-18,worm295689Eskimo39,531,Summer Ridge,Pshada,58110
Else,Pedley,St. Clair,1998-08-12,tour175786stuffs84,791,Gina,Örnsköldsvik,33868
Maure,Langshaw,Zylberdik,1995-10-24,lend063954tawdry63,877,Summer Ridge,Huangxi,30533
Gifford,Yakuntsov,Braidford,1997-01-21,epic925999rammed17,331,Hollow Ridge,Embarcación,10224
Rutger,MacGiffin,McElrea,1981-01-13,yawn887259retail03,647,Bartillon,Novi Bečej,61946
Had,Quipp,Sherborne,1994-03-10,junk526427knot's20,599,Monument,Megion,58417
Augustin,Pawelek,Elliston,1996-06-23,scan011532brutes91,53,Moose,Zoushi,96997
Lisa,Scurfield,Blabey,2000-09-11,laud635914upping29,228,Prairie Rose,Maronge,39542
Querida,Judkins,Simon,1989-04-07,grim798947accuse40,497,Di Loreto,Cihambali,79633
Leora,Chieco,Winny,1992-04-24,nail133277wisp's16,237,Shoshone,Īz̄eh,33123
Mitchael,Tanner,Deniset,1995-06-22,molt930535submit70,523,Shopko,Ostrogozhsk,38793
Jonathan,Brookfield,Slograve,1986-04-03,dogs983355rustic51,335,Schiller,Somovo,15762
Humfrey,Belfield,Korneev,1984-09-25,feel255257whales58,52,Lunder,Messíni,38629
Yetty,Gresly,Kirk,1988-04-05,myth767534guilds74,276,Namekagon,Settat,34758
Tamqrah,Leavry,Knappe,1984-11-18,wore106517maizes62,695,Division,Yingta,63002
Caitrin,Hoble,Ayrton,1981-07-17,matt042407arouse91,978,Northwestern,Rušanj,87575
Elise,Iannuzzelli,Boorman,1981-02-12,dads116722yoga's92,629,Hazelcrest,Cikalong,80367
Beverley,Jacobsson,Millott,1990-07-12,hind280115surfed08,905,Fuller,Ivanovka,68953
Roxanne,Fardy,O'Gormally,1991-06-22,spew478648allots58,354,Glendale,Trujillo,36162
Anne-marie,Berkowitz,Czajka,1982-09-15,omen296022brandy46,145,Red Cloud,São Domingos,55587
Rodolphe,Burch,Meldon,1983-06-18,lazy066091molest70,776,Daystar,Annecy,34796
Teddie,Bulmer,Gaize,2000-04-05,copy874577barbed45,95,Acker,Colcabamba,69444
Dorris,Matczak,Kittless,1996-08-18,in's900157pile's61,888,Maple,Talisay,79849
Karlen,Brasted,Hardingham,1998-01-26,pelt612256judges19,119,Ryan,Pont-à-Mousson,20100
Sandra,Addams,Lidgertwood,2000-04-12,drab122323copies78,196,Anniversary,Donan,64150
Cinnamon,Barraclough,Lenney,1985-04-17,hair336069left's42,466,Northfield,Guaymango,52567
Nesta,Radborne,Barti,1994-11-28,hang721182creepy56,236,Saint Paul,Bolszewo,25925
Staci,Cubbit,Rewcassell,1987-11-04,icon519805waited51,997,Portage,Yangambi,91906
Andi,Pert,Whiteland,1997-02-21,yeti139355trolls81,614,Reindahl,Hejia,59894
Clayton,Ternott,Glaum,1984-08-12,wall580499insult75,158,Merry,Zicheng,95603
Joane,Ventam,Robardey,1989-06-03,knot794640jail's44,409,Caliangt,Hane,53836
Trix,Stivers,Osgood,1993-01-24,smog799661iguana35,15,Michigan,Tver,17463
Francisco,Pilmer,Sterman,1989-05-11,pram915147shorts31,745,Bayside,Frydek,80207
Reinaldos,Trotter,Alloisi,1993-02-23,jolt146800quip's25,557,Little Fleur,Gereshk,65600
Ferdinande,Sired,Wann,1992-08-17,duke318637pelt's55,551,Bunker Hill,Pelabuhanratu,60235
Chicky,Cotterill,Allsworth,1992-10-07,feet880159storms74,212,Continental,Oslo,52239
Mozes,Toquet,Hendonson,1983-06-05,mute326875tiff's06,811,Towne,Khodasy,57184
Heath,Aldwich,Grimsley,2000-06-24,hews171609measly35,52,Katie,Lachowice,31830
Callida,Elmes,Esplin,1992-11-19,peat431446richer42,70,Mayer,Bol,63881
Hillard,Paolicchi,Boden,1985-03-07,laws224453baling81,590,Logan,Villamontes,98747
Martina,Petrasso,Valiant,1988-06-17,pins551890crowds35,802,Cordelia,Haljala,67340
Peder,Orrick,Castiello,1999-06-26,rage301681yessed66,12,Dovetail,Tagnanan,66622
Edan,Abram,Keri,1996-07-07,raps695784sodden18,880,Surrey,Tamansari,72689
Odelle,Stonard,Pallas,1995-03-07,dawn754653cowing31,422,Trailsway,Yarabamba,53467
Brooke,Reihill,Pryer,1981-07-19,late491961barbed07,374,Muir,Ágios Vasíleios,55624
Conrad,Grattage,Newgrosh,1986-10-07,John362262you're67,603,Oneill,Phichit,29957
Innis,Bissex,Pareman,1996-01-05,pack036786titter68,310,Lakeland,Morteros,55344
Peta,Orsay,Gilmore,2000-05-10,awed532202goggle35,67,David,Liuji,19694
Adlai,Mulran,McGarvie,1994-04-07,reds295810past's64,506,Oneill,Palaióchora,22929
Tucker,McJarrow,Inglefield,1984-03-24,love939739bulked55,158,Chinook,Santa Cruz,93372
Stanford,Torbeck,Tipler,1981-07-02,flea863077eave's68,609,Fisk,Balakhninskiy,32873
Lancelot,Deegin,Sidon,1985-09-25,worn387478flings59,458,Knutson,Figueira Castelo Rodrigo,57571
Prudy,holmes,St Louis,1987-06-25,self506664fund's90,530,Bartelt,Changzhi,12813
Florette,Pallasch,De Francisci,1994-01-27,urns696921trouts88,854,Dennis,Myhiya,80276
Justinian,Ratt,Douche,1992-05-24,peat442883jigsaw55,208,Holy Cross,Chencun,51332
Lyman,Dearnaly,Pietroni,1984-09-12,loom326829bishop60,134,Trailsway,Bowang,47101
Cos,Nussey,Bramont,1997-06-18,rude290340assist36,1,Blue Bill Park,Guxi,44806
Forrest,Phizakarley,Pineaux,1992-03-03,romp788259stormy39,351,Nobel,Abū Ghaush,22986
Colman,Saura,Isaksen,1981-04-14,lone784290want's55,847,Manley,Saltsjö-Boo,35197
Bartram,Gathwaite,Shwalbe,1985-08-04,tier238480hidden21,890,Riverside,Haysyn,22778
Teodora,Hyman,Fouracre,1991-01-13,soot997527render10,64,Lakeland,Yashao,49908
Iona,Shurrocks,Teasey,1988-05-07,sees033519dashes23,715,Monterey,Baiguo,71775
Arv,Lewson,Whiffen,1987-09-26,yard570597ripple22,957,John Wall,Khōst,46683
Arlie,Lissemore,Trenaman,1993-05-24,tubs339112resent79,356,Browning,Kowo,51027
Loren,Leonards,Hawket,1987-10-24,dude993940change54,886,Gale,Lyubimets,44705
Ertha,Landman,Alejandre,1984-07-02,tags385268card's22,215,Judy,Al Jahrā’,30798
Malanie,Gallahue,Durham,1994-10-04,jury520270coughs70,486,Debra,Unecha,37785
Toiboid,Feldhuhn,Dalston,1992-07-18,wide429807circle89,870,Marquette,Daping,39605
Briana,Turmell,Bevans,1992-07-09,bobs661949sauted72,920,Quincy,Västervik,97603
Shandra,Hailes,Marguerite,1988-11-02,bays298863twelve55,535,1st,Lugo,28163
Jeanine,Kleiser,Hammelberg,1983-08-27,vile672094reopen06,69,Dwight,Pakkat,80325
Michale,Wadsworth,Keveren,1996-11-17,work161679comply29,512,Doe Crossing,El Coco,23800
Arron,Anney,Rozenbaum,1990-08-28,pope836365turner98,722,Karstens,Natividade,50408
Gabe,Runchman,Leidecker,1980-11-01,jigs088196nodded14,91,Bluestem,Balma,37178
Gibbie,Foddy,Sedgwick,1984-02-28,yous378120rinses57,381,Carioca,Foxton,50905
Jessa,Buffey,Collibear,1997-09-15,bawl192857stoops61,597,Oak Valley,Nanger,92661
Karla,Chominski,Hayden,1992-12-17,opus532727arcked72,255,Waywood,Donghe,37450
Marie-ann,Leak,Duckering,1994-10-28,lags113625punter58,547,Pennsylvania,Luoping,63308
Desiree,Dickings,Plaistowe,1985-11-28,idea433421taping80,733,Badeau,Circa,21083
Charmion,Enderlein,Pie,1992-05-23,pare912583jinx's86,228,Myrtle,Lagoa Santa,79501
Thomas,Dalyell,Novkovic,1999-07-09,snob742924hushes62,987,Raven,Thung Khru,39117
Saunders,Fullstone,Medland,1998-06-09,buds576110sarees63,565,Transport,Jiudian,44660
Sibbie,Casbon,Creser,1998-07-16,both131832loom's66,337,Graceland,Myasnikyan,39636
Alyce,Markova,Gommowe,1990-12-08,bawl751595lagoon87,112,Rockefeller,Hukeng,63019
Ottilie,Adrianello,Welbrock,1993-08-15,eyes129465rimmed25,919,Stone Corner,Huaping,64870
Sioux,Orrick,Enderle,1993-08-28,in's381337spasms48,304,Hauk,Gubo,24283
Gauthier,Treadwell,Chaudhry,1990-10-24,duet630552ogle's88,869,Atwood,Huangbayi,77085
Yorgos,Sear,Wyche,1992-03-07,male202438rawest46,761,Fairview,Rancabungur,88564
Thurstan,Selwyn,Tirkin,1982-05-26,gigs709867bulges33,874,Annamark,Malanville,82805
Ashien,Basketter,Lawles,1998-03-26,cash403403frizzy86,333,Cascade,Furongqiao,66625
Fremont,Gaskoin,Raw,1998-03-09,drop074706race's81,265,Westerfield,Mopipi,42871
Dominic,Banham,Winsiowiecki,1991-05-07,coin494555pirate06,682,Reindahl,Niquelândia,31757
Julina,Dawdary,Plover,1986-06-08,some533912staves28,331,Loomis,Gagah,67310
Eloisa,Pauleit,Philbrook,1994-11-25,look662464much's43,46,Raven,Karang,72134
Monroe,Spring,Rabbitt,1984-05-27,lobs698225bossed90,219,Sheridan,Bao’an,75183
Cece,Hickford,McVee,1993-05-16,fuse933996knocks60,556,Melrose,Baratan,26163
Dolf,Gethins,Rosenwasser,1990-02-26,rote879968moment87,600,Texas,Tuanlin,33617
Elysee,Proudlock,Irvin,1984-08-26,spat131598thwart50,934,Ludington,Zoetermeer,16900
Leeanne,Dell,Rosbotham,1999-02-28,bear629500holier73,852,Lotheville,Limoges,89861
Danny,Mullord,Toulch,1989-07-18,veal060796cooler79,553,Caliangt,Chvalšiny,86246
Mignon,Clowley,McGuggy,1988-09-26,yank829319cancer70,375,Maywood,Zhaike,84241
Carol-jean,Rivelon,Chadwyck,1994-02-25,wick386768chutes85,717,Garrison,Taldyqorghan,20102
Vic,Hannis,Bordman,1983-04-08,cock813188reefed81,206,Westridge,Lysice,96338
Thadeus,Corter,Trolley,1983-07-20,fans860516silk's81,17,Alpine,Itoigawa,88209
Grantley,Strongman,Paulusch,1985-01-13,sell575040discos01,440,Bashford,Kumalarang,64347
Linn,McAnellye,Guinane,1991-04-14,cows474941heater25,550,3rd,Basse-Terre,83475
Forster,Samson,Deniscke,1994-12-17,ends513614shucks97,447,Judy,Shangma,72762
Gordie,Kobierski,Hardwin,1987-01-06,evil082481trio's43,847,Superior,Bousso,63743
Iain,Warlow,Peterffy,1987-10-29,blur315816detail53,287,Del Mar,København,26155
Emalee,Eadmead,Milstead,1987-06-19,dove118963read's16,494,Continental,Caotan,48879
Phebe,Coard,Eddolls,1991-06-12,rook619161noodle54,767,Shopko,Makiv,47239
Russ,Bolduc,Norgan,1992-08-14,lied221524fillet97,272,2nd,Zuogaiduoma,49185
Brnaby,Sydes,De Normanville,1988-12-28,moan012444lovely34,634,Dixon,Guangyuan,68843
Ingamar,Eldredge,Kahen,1983-06-03,cubs607528gamble96,995,Esker,Kariya,27322
Minni,Rickell,Riediger,1986-05-03,test952505radars07,760,Kim,Kalyny,32508
Darby,Chilles,Varne,1991-02-14,cods173144tights26,927,Spenser,Sotouboua,48533
Romeo,Brithman,Gregorio,1994-06-05,okay796852limber68,602,Coleman,Ozherel’ye,68878
Herby,Huffey,De la Eglise,1986-01-03,each229517cove's70,914,Sherman,Paungde,26093
Concettina,Franchioni,Dhennin,1988-08-25,drop757731fussed81,945,Mallory,Gaspar,39059
Danni,Nel,Bingall,1999-03-19,type923281tables13,210,Eggendart,São Raimundo Nonato,76205
Rhys,Gillanders,Cakebread,1991-05-01,kind829258sudden16,521,Service,Imeni Tsyurupy,81494
Oneida,Crebo,Hammor,1985-09-20,exit554827return74,227,Texas,Sungaigerong,69869
Dieter,Purrington,Hindmoor,1988-01-03,soli687168hobo's88,959,Heath,Aki,45552
Shaina,Luscott,Oldcroft,1988-02-06,past161679pliers84,577,Scoville,Cholpon-Ata,75482
Andrey,Quinn,Cleugher,1983-01-22,exit574143solids16,47,Transport,Ikhtiman,12503
Issiah,Ruhben,Rivel,1986-10-09,jury359533makers37,798,Banding,Nagoya-shi,74088
Lynelle,Fincken,Wheelband,1986-03-09,feat656197ballot90,519,Charing Cross,Shilu,47254
Gardener,Imlaw,Durrant,1991-09-21,sulk579328fish's30,603,Miller,Gaoqiao,49467
Viv,Stennard,Hunnam,1992-10-11,bent763506radish21,337,Trailsway,Berlin,37179
