RFC,razon social,num,calle,ciudad,cp
ohs668293017,astringent C.A de C.V,204,Veith,Gornyy,32130
cue657815623,dependence C.A de C.V,159,Merrick,Saint-Jean-de-Védas,13489
aim882563674,attractive C.A de C.V,412,Bellgrove,Cibatuireng,13511
mow403127708,convulsing C.A de C.V,577,Barby,Cikeper,43213
elk798439354,variable's C.A de C.V,412,Village,Banjar Jambe Baleran,31832
lit689269311,vitality's C.A de C.V,192,Golf,San Jacinto,96341
tax698538405,slingshots C.A de C.V,909,High Crossing,Thị Trấn Hà Trung,11705
hat434189124,castaway's C.A de C.V,77,Morrow,Shangshuai,39188
ran034416120,fountain's C.A de C.V,266,Vidon,Villa Dolores,74855
I'm851182944,assembling C.A de C.V,70,Darwin,Jiangkou,38768
bow252604410,transforms C.A de C.V,94,Lillian,Takehara,58710
sub735538680,subtlety's C.A de C.V,605,Boyd,Baiguo,58940
par819406503,retrievals C.A de C.V,439,Bartelt,Mannheim,66937
nil338161568,disquiet's C.A de C.V,719,Glacier Hill,Novi Kneževac,25288
pea994442835,referenced C.A de C.V,796,Porter,Sandefjord,58524
art748246286,laughter's C.A de C.V,808,Roth,Linköping,16373
cam298918664,empowering C.A de C.V,287,Glacier Hill,Rivière-du-Loup,43073
hit987658600,overworked C.A de C.V,216,Holy Cross,Shalazhi,89733
nag850134826,schooner's C.A de C.V,645,Scoville,Katsina-Ala,86407
out406391775,donation's C.A de C.V,541,Springs,Rzhavki,58227
fly823647922,database's C.A de C.V,881,Maple Wood,Jiangna,10170
jug895306684,lampooning C.A de C.V,996,Shoshone,Zuhu,98193
pep751121971,intrenches C.A de C.V,675,Blaine,Saint-Paul,81231
cur995269279,calibrated C.A de C.V,967,Farragut,Conde,81355
sup907632398,dictionary C.A de C.V,84,Lyons,Stockholm,88565
ear971761323,exterior's C.A de C.V,577,High Crossing,Hovtamej,51204
sin406909652,personal's C.A de C.V,214,Alpine,Camiling,35369
mow172436622,innocently C.A de C.V,484,Hoffman,Bairro,97996
tie691977687,calculator C.A de C.V,242,Mcguire,Xincheng Chengguanzhen,34817
don949162368,sobriety's C.A de C.V,96,Fair Oaks,Septfontaines,43824
bar903003567,ministered C.A de C.V,43,Memorial,Esperanza,74089
C's473561108,pardonable C.A de C.V,335,Dawn,Bruxelles,95702
nun706411232,chronicles C.A de C.V,631,Walton,Piritiba,39124
fox592398182,embargoing C.A de C.V,209,Declaration,Louredo,72208
sin318378753,patchworks C.A de C.V,886,Summit,Jarash,40457
was303612535,transports C.A de C.V,452,Doe Crossing,Desa Werasari,67525
fit663014020,amputation C.A de C.V,934,Spaight,Neochórion,87141
too842867960,slumbering C.A de C.V,399,Columbus,Cantagallo,76667
jaw672883597,satellites C.A de C.V,282,Clyde Gallagher,Huatanshan,81024
wet480265521,homosexual C.A de C.V,654,Dapin,Kaédi,21829
rue643285883,complicate C.A de C.V,294,Springs,Sebulu,33125
ram797006166,admittedly C.A de C.V,649,Clarendon,Utrecht (stad),17503
ova917806987,mackerel's C.A de C.V,177,Sachtjen,Tambac,14999
rye728434365,diversions C.A de C.V,249,Gerald,Tarīm,67565
mod914907451,ransacking C.A de C.V,598,Summer Ridge,Maní,46656
vow926426930,disbursing C.A de C.V,653,Rusk,Arauca,64810
pun680869792,barbecuing C.A de C.V,767,Cottonwood,Kalianyar Selatan,17575
err032507272,midnight's C.A de C.V,232,Butterfield,Xinglongchang,45255
hip430806457,veterinary C.A de C.V,275,Spaight,La Condamine,47246
err651849713,occasional C.A de C.V,393,West,Hengshui,86931
fee660660279,collisions C.A de C.V,997,Transport,Požarevac,80942
hoe879106410,glamorizes C.A de C.V,462,Carpenter,Baihua,85861
one577693699,shambles's C.A de C.V,761,Pearson,Ngantru,17789
bug652623557,overtone's C.A de C.V,536,Chive,Fenghuo,43094
sic320654376,continuity C.A de C.V,501,Mitchell,Haruman,13359
day173130104,facsimiled C.A de C.V,56,Dahle,Ganjaran,27775
hay672727095,negligee's C.A de C.V,242,Nelson,Az Zabadānī,34166
shy372172456,deceptions C.A de C.V,559,Badeau,Walferdange,80141
hew849204847,sandwiches C.A de C.V,559,Stang,Thị Trấn Nga Sơn,37346
H's421293120,combustion C.A de C.V,14,Onsgard,Shazhuang,96185
sex242375703,positioned C.A de C.V,996,Muir,Nyzhni Petrivtsi,86952
see215467835,toboggan's C.A de C.V,587,Scoville,‘Arīshah,10932
ear007972661,agitations C.A de C.V,135,Gulseth,Quimper,78873
qua146836639,electrodes C.A de C.V,12,Mcbride,Krasnaye,18472
out525560463,onlooker's C.A de C.V,405,Sutherland,Rancaerang,77891
sad151667099,crawfish's C.A de C.V,574,Hoffman,Banjar Desa,95981
err165355144,multiplies C.A de C.V,120,Northview,Nanxi,46001
ray412114369,advertised C.A de C.V,542,Upham,Fangbu,96942
nit071752496,unsoundest C.A de C.V,533,Miller,Nouâdhibou,88497
fee303199886,inexorable C.A de C.V,692,Eagan,Turkestan,54827
god759838781,immigrated C.A de C.V,161,Clyde Gallagher,Saldanha,57560
far939908050,friendlier C.A de C.V,625,Blackbird,Liberia,44225
wed415341578,overprints C.A de C.V,870,Glendale,Hujiagou,61384
Mrs577451241,wishbone's C.A de C.V,655,Sunbrook,Ermidas do Sado,72482
fur725487737,sideshow's C.A de C.V,963,Pond,Santiago,92392
rev863643545,grindstone C.A de C.V,288,Oakridge,Liushun,77465
day898779376,stampeding C.A de C.V,108,Northwestern,Palangkaraya,70782
ton289854435,greenbacks C.A de C.V,412,Gerald,Kotsyubyns’ke,83043
jug628923522,thoughtful C.A de C.V,574,Hanson,Viedma,39889
E's269333805,antiseptic C.A de C.V,593,Golf View,Puerto Castilla,17824
tot234764824,intervened C.A de C.V,715,Hoard,Owen Sound,16954
dip385674889,integral's C.A de C.V,810,Schurz,Chengnan,19817
tie094738702,predicting C.A de C.V,713,Lerdahl,Cipondok,97252
nun502440448,perishable C.A de C.V,923,Vermont,Kangaslampi,48745
N's135717258,privatizes C.A de C.V,496,Magdeline,Brumadinho,44582
fly485809572,splintered C.A de C.V,75,Vahlen,Wleń,40370
kin146948926,participle C.A de C.V,245,Manitowish,Salam,62243
how972509984,topography C.A de C.V,790,Rockefeller,Valle San Francisco,95466
boo860737691,interviews C.A de C.V,395,Hazelcrest,San Jacinto,13877
ice928374927,reductions C.A de C.V,624,Spenser,Meizhou,76101
wit028065720,interview C.A de C.V,224,Towne,Jinhui,49057
mat398572820,journalism C.A de C.V,127,Twin Pines,Walakeri,20785
C's345909569,fountain C.A de C.V,401,Huxley,Lille,39240
tee450710413,delightful C.A de C.V,328,Melody,Tondano,17387
all864778784,elementary C.A de C.V,144,Canary,Santa María de Ipire,25742
hit285232471,capacities C.A de C.V,433,Lukken,Liutan,21186
fog545600324,preamble's C.A de C.V,565,Sage,Bergen,80526
gut572718597,achievable C.A de C.V,725,Talisman,San Miguel,73230
yet728568829,prolonging C.A de C.V,143,Farragut,Tha Muang,36576
don161396324,overhaul's C.A de C.V,909,Anhalt,Seminole,81939
PTI151101TE5,PEMEX C.A de C.V,342,5th,New York,24091
